number,
1246,
1170,
1200,
1153,
1086,
1000,
1239,
1240,
1238,
1115,
1097,
1190,
1204,
1295,
1214,
1267,
1118,
1098,
1001,
1129,
3035,
1291,
1279,
1042,
1074,
1053,
1063,
1083,
1087,
1002,
1144,
1095,
1096,
1029,
1125,
1133,
1084,
1003,
1254,
1180,
1301,
1251,
1078,
1055,
1124,
1186,
1183,
1253,
1104,
1101,
1089,
1114,
1235,
1285,
1137,
1198,
1245,
1005,
1195,
1257,
1255,
1184,
1265,
1282,
1148,
1006,
1236,
1270,
1057,
1232,
1093,
1205,
1273,
1037,
1197,
1277,
1120,
1112,
1049,
1173,
1193,
1152,
1212,
1007,
1008,
1297,
1274,
1140,
1276,
1100,
1009,
1010,
1168,
1228,
1105,
1011,
1138,
1166,
1134,
1062,
1126,
1080,
1012,
1013,
1160,
1178,
1014,
1015,
1157,
1258,
1164,
1155,
1217,
1016,
1017,
1171,
1020,
1018,
1019,
1094,
1223,
1021,
1203,
1092,
1230,
1067,
1022,
1024,
1090,
1139,
1108,
3034,
1025,
1231,
1182,
1026,
1085,
1027,
1189,
1073,
1221,
1260,
1159,
1283,
1300,
1179,
1261,
1147,
1145,
1121,
1123,
1266,
1117,
1250,
1290,
1185,
1136,
1028,
1207,
1208,
1244,
1065,
1243,
1056,
1259,
1264,
1077,
1109,
1156,
1289,
1142,
1082,
1030,
1031,
1215,
1032,
1294,
1076,
3038,
1141,
1033,
1034,
1045,
1161,
1242,
1066,
1054,
1128,
1061,
1269,
1107,
1248,
1131,
1122,
1192,
1035,
1241,
1113,
1202,
1036,
1091,
1111,
1209,
1102,
1110,
1287,
1143,
1281,
1069,
1150,
1038,
1039,
1070,
1079,
1247,
1099,
1103,
1196,
1163,
1218,
1023,
1106,
1211,
1081,
1229,
1220,
1262,
1302,
1201,
1278,
1041,
1154,
1072,
1162,
1272,
1130,
1172,
1132,
1165,
1191,
1071,
1224,
1169,
1040,
1177,
1149,
1280,
1268,
1296,
1146,
1219,
1275,
1249,
1213,
1068,
1237,
1119,
1234,
1233,
1216,
3037,
1292,
1043,
1175,
1060,
1284,
1088,
1047,
1044,
1187,
1135,
1174,
1116,
1127,
1194,
1064,
1059,
1252,
1046,
1004,
1303,
1188,
1210,
1048,
1226,
1058,
1263,
1222,
1199,
1052,
1075,
1050,
3036,
1293,
1167,
1158,
1176,
1271,
1298,
1286,
1051,
1181,
1256,
1206,
1299,
1151,
1225,
1227,
1288,
